epoch,train_loss,val_loss
1,45152.08385307248,34370.24701286765
2,31728.790982799368,17642.245417177288
3,26039.048335740546,16117.283183976715
4,28865.285448945204,20069.001410590277
5,24852.79737832633,21669.459622651142
6,25491.171880470938,13734.603585835375
7,24179.02662979254,17434.38440819036
8,20750.852969898897,14726.376231872957
9,21580.402223389356,12207.13267846201
10,19036.795802696077,15681.000651041666
