model,trainable_parameters,training_time_seconds,MAE,MSE,RMSE,R2
CNN from scratch,26145793,166.24,104.91495986156214,20293.33245520337,142.4546680709459,0.6040314603793577
MobileNetV2 transfer learning,1854273,125.46,149.8531250026491,39825.13221312133,199.56235169270113,0.22292213575867248
