model,trainable_parameters,training_time_seconds,MAE,MSE,RMSE,R2
CNN from scratch,430593,147.59,92.95600392725483,17203.433065569985,131.1618582727844,0.6643223430586958
MobileNetV2 transfer learning,2246081,155.11,87.56581081182976,14337.424466425355,119.7389847394129,0.7202446143674326
