model,trainable_parameters,training_time_seconds,MAE,MSE,RMSE,R2
CNN from scratch,430593,546.15,90.96096809234197,18397.971391095085,135.63912190476273,0.6062030301011561
MobileNetV2 transfer learning,2246081,881.11,87.27511870916487,19287.091144475515,138.8779721355245,0.5871719827473216
Ensemble (25% CNN + 75% MobileNetV2),2676674,1427.26,77.26684397209705,14997.016496247657,122.46230643037741,0.6789983238802189
