model,trainable_parameters,training_time_seconds,MAE,MSE,RMSE,R2
CNN from scratch,430593,568.57,81.95393095771466,14890.891780554935,122.02824173344028,0.6812698566465676
MobileNetV2 transfer learning,2246081,870.05,65.51289496267279,9705.22593178317,98.51510509451417,0.7922657623128988
