{
  "mean": 255.33717092371765,
  "std": 208.1511967805496
}