{
  "mean": 264.64057363725493,
  "std": 222.0080171301658
}